{
  "id": "seasons-and-stars-yseviel",
  "title": "Seasons & Stars: Yseviel",
  "version": "1.0.3",
  "compatibility": {
    "minimum": "13",
    "verified": "13"
  },
  "description": "<p>Add-on module for Seasons &amp; Stars calendar mod. Adds a custom calendar for the Yseviel world setting.</p>",
  "authors": [
    {
      "name": "Aahzymandius",
      "discord": "aahz1982",
      "flags": {}
    }
  ],
  "url": "https://github.com/pwolthausen/seasons-and-stars-varnambar",
  "flags": {
    "canUpload": true
  },
  "relationships": {
    "requires": [
      {
        "id": "seasons-and-stars",
        "type": "module",
        "compatibility": {
          "minimum": "0.7.0"
        }
      }
    ]
  },
  "url": "https://github.com/pwolthausen/seasons-and-stars-varnambar",
  "manifest": "https://raw.githubusercontent.com/pwolthausen/seasons-and-stars-varnambar/refs/heads/main/module.json",
  "download": "https://raw.githubusercontent.com/pwolthausen/seasons-and-stars-varnambar/refs/heads/main/module.zip"
}
